match_id,player_id,50/50,Bad Behaviour,Ball Receipt*,Ball Recovery,Block,Carry,Clearance,Dispossessed,Dribble,Dribbled Past,Duel,Error,Foul Committed,Foul Won,Goal Keeper,Injury Stoppage,Interception,Miscontrol,Offside,Own Goal Against,Own Goal For,Pass,Player Off,Player On,Pressure,Shield,Shot,Substitution,minutes_played,position_name,duels_lost,index,period,minute,second,possession,duration,total_running_distance,passes_last_15_minute,should_be_subbed_x,should_be_subbed_y
15946,3501,0,0,58,2,0,43,0,1,1,0,2,0,0,1,0,0,0,0,0,0,0,52,0,0,5,0,4,0,46.023199999999996,Left Wing,0,471169,338,11164,5140,17629,156.4795851,288.54480703245906,16,0,0
15946,5203,0,0,76,2,2,66,0,1,0,1,3,0,1,4,0,0,1,0,0,0,0,83,0,0,10,0,0,1,44.8542,Center Defensive Midfield,0,448982,383,10421,6996,16848,225.812025133,281.693451429505,16,0,0
15946,5211,0,0,109,8,0,94,0,1,1,1,1,0,0,1,0,0,1,1,0,0,0,128,0,0,6,0,3,0,46.396499999999996,Left Back,0,661403,530,15540,10671,25078,317.489067009,348.82324702912024,41,0,0
15946,5213,0,0,62,6,1,56,3,0,0,0,1,0,0,0,0,0,0,0,0,0,0,81,0,0,4,0,1,0,44.418283333333335,Right Center Back,0,351871,302,8236,5790,13367,256.96459500000003,384.7169636936065,28,0,0
15946,5246,0,0,50,4,2,29,1,3,2,0,1,0,1,0,0,0,0,3,0,0,0,39,0,0,2,0,4,0,46.64535,Center Forward,0,263773,217,6148,4402,9956,95.718233003,164.77750430056062,10,0,0
15946,5470,0,0,130,5,1,112,1,0,0,0,5,0,2,2,0,0,2,1,0,0,0,138,0,0,7,0,2,0,46.46556666666667,Center Defensive Midfield,0,729426,597,17032,12280,27538,384.507211006,434.6405780191987,37,0,0
15946,5477,0,0,75,4,1,59,0,6,2,0,1,0,0,0,0,0,0,0,0,0,0,67,0,0,9,0,3,1,44.66801666666667,Left Wing,0,362410,317,8313,6884,13523,227.047635005,430.0019571310062,14,0,0
15946,5492,0,0,52,7,1,49,0,0,0,0,0,0,0,2,0,0,0,0,0,0,0,65,0,0,4,0,0,0,44.7785,Left Center Back,0,326020,269,7676,4911,12329,177.456294,284.5091899395548,21,0,0
15946,5503,0,0,103,6,1,81,0,1,5,0,1,0,0,4,0,0,0,0,0,0,0,91,0,0,3,0,8,0,46.232283333333335,Right Wing,0,582932,476,13636,9036,21910,292.749872009,519.9607538499362,21,0,0
15946,6374,0,0,28,1,1,30,0,1,4,0,2,0,0,1,0,0,1,1,0,0,0,32,0,0,2,0,0,1,44.36251666666667,Right Back,0,93743,106,2093,3275,3630,94.89368999999999,122.00313669371722,7,0,0
15946,6379,0,0,85,6,2,73,0,1,1,0,3,0,2,0,0,0,1,2,0,0,0,89,0,0,15,0,0,0,46.27645,Right Back,0,528894,434,12426,8115,20027,211.891514011,303.7353034186221,22,0,0
15946,6566,0,0,4,0,0,3,0,0,0,1,0,1,0,1,0,0,0,0,0,0,0,6,0,0,7,0,0,0,22.364883333333335,Right Center Forward,0,74667,46,1811,735,2826,12.920077,13.360734784887958,5,0,0
15946,6581,0,0,22,4,1,16,0,1,4,2,4,0,2,1,0,0,0,3,0,0,0,11,0,0,20,0,0,1,44.90508333333333,Left Midfield,0,123791,123,2836,2582,4726,61.344869003,108.66804464594114,1,1,1
15946,6612,0,0,17,1,0,14,7,0,0,0,2,0,4,1,0,0,3,0,0,0,0,25,0,0,13,0,0,0,45.53296666666667,Left Back,0,168915,133,3970,2195,6307,63.652366,78.21332293703233,5,0,0
15946,6613,0,0,28,4,0,11,0,1,0,0,3,0,2,0,0,0,0,1,0,0,0,19,0,0,15,0,1,1,41.177749999999996,Left Center Forward,0,109251,114,2471,2486,4089,55.958922,75.16839463999084,2,1,1
15946,6615,0,0,4,1,3,5,6,0,0,1,2,0,0,0,0,0,3,0,0,0,0,11,0,0,4,0,0,0,43.952,Right Center Back,0,77583,57,1834,1328,2943,45.673855,18.81157714199062,8,0,0
15946,6617,0,0,23,7,4,25,1,2,0,1,4,0,0,0,0,0,1,0,0,0,0,34,0,0,8,0,0,0,44.56585,Right Midfield,0,203197,164,4759,3118,7709,109.980148,161.10054666373242,11,0,0
15946,6618,0,0,13,2,2,11,5,0,1,0,2,0,1,0,0,0,5,1,0,0,0,20,0,0,6,0,0,0,42.84025,Right Back,0,128519,99,3005,2077,4864,66.258861,104.45015617051033,11,0,0
15946,6624,0,0,12,1,0,11,0,0,0,0,1,0,0,1,0,0,0,0,0,0,0,12,0,0,6,0,0,0,20.08615,Left Center Forward,0,146887,88,3558,1683,5571,30.949053,33.17372744690047,10,0,0
15946,6626,0,0,23,3,2,18,1,1,2,2,5,0,1,0,0,0,2,3,0,0,0,22,0,0,11,0,1,0,43.580216666666665,Right Defensive Midfield,0,171569,144,4001,2564,6432,79.904544,128.67786344572738,8,0,0
15946,6629,0,0,4,5,0,6,0,0,0,0,0,0,0,0,27,0,0,0,0,0,0,26,0,0,0,0,0,0,45.674416666666666,Goalkeeper,0,133097,103,3122,2041,4987,150.73808,52.0236364594008,9,0,0
15946,6632,0,0,13,5,3,15,5,1,0,2,5,0,3,1,0,0,2,0,0,0,0,21,0,0,27,0,0,0,44.6625,Left Defensive Midfield,0,204357,158,4817,2673,7753,69.77997,54.09565493597161,6,0,0
15946,6839,0,0,11,1,2,9,0,0,0,2,3,0,1,0,0,0,2,0,0,0,0,16,0,0,8,0,0,1,36.77263333333334,Center Defensive Midfield,0,75556,75,1699,1403,2789,36.219633,43.02429876605845,6,0,0
15946,6855,0,1,11,0,3,11,7,0,0,1,1,0,0,0,0,0,0,0,0,0,0,16,0,0,13,0,0,0,46.643233333333335,Left Center Back,0,115047,93,2676,1989,4285,57.143842001,43.28793317326296,6,0,0
15946,6935,0,0,7,1,0,5,0,0,0,0,0,0,2,1,0,0,0,1,0,0,0,7,0,0,4,0,1,0,19.779166666666665,Left Midfield,0,95214,58,2307,1023,3591,27.194305,42.98279266980522,4,1,1
15946,8206,0,0,7,0,0,6,0,0,0,0,1,0,0,0,0,0,0,0,0,0,0,7,0,0,1,0,0,0,6.8306000000000004,Right Center Midfield,0,78625,44,1934,572,3035,17.007140003,8.105674315766596,7,0,0
15946,11392,0,0,17,0,0,15,0,0,0,0,0,0,1,0,0,0,0,0,0,0,0,18,0,0,2,0,0,0,14.501466666666666,Left Center Midfield,0,183025,106,4483,1670,7039,46.923569,61.65416476912759,18,0,0
15946,20055,0,0,14,3,0,17,0,0,1,0,0,0,0,0,7,0,0,0,0,0,0,27,0,0,0,0,0,0,40.956183333333335,Goalkeeper,0,142290,110,3387,1615,5389,92.503655,83.29299999839567,15,0,0
15956,3109,0,0,1,0,0,1,0,0,0,0,0,0,0,0,0,0,0,0,0,0,0,1,0,0,1,0,1,0,5.16065,Left Midfield,0,16094,10,447,192,914,4.420464,12.865457628860321,1,1,1
15956,3501,0,0,58,3,1,54,0,1,3,1,2,0,2,1,0,0,0,0,0,0,0,59,0,0,7,0,1,1,44.49985,Left Midfield,0,231316,235,5643,6329,12677,195.479436,339.4878566029215,14,0,0
15956,5203,0,0,39,4,6,36,2,0,0,0,4,0,1,4,0,0,0,0,0,0,0,58,0,0,15,0,0,0,46.20321666666667,Left Defensive Midfield,0,279942,255,7264,5135,15448,178.257160102,181.22103739727083,17,0,0
15956,5211,0,0,54,5,0,52,1,1,2,1,2,0,1,2,0,0,0,1,0,0,0,68,0,0,8,0,0,0,44.756366666666665,Left Back,0,307502,290,7906,6214,16890,181.693871022,247.3852706241068,16,0,0
15956,5213,0,0,55,5,0,56,8,0,0,0,1,0,1,1,0,0,3,0,0,0,0,77,0,0,5,1,1,0,49.11545,Right Center Back,0,352909,313,9207,6058,19639,249.650899,251.25581035063612,14,0,0
15956,5246,0,0,33,2,1,19,0,4,1,0,0,0,2,0,0,1,0,2,0,0,0,19,0,0,5,0,2,1,45.413916666666665,Left Center Forward,0,144449,136,3748,2851,8003,62.833892,103.48677488983681,5,0,0
15956,5470,0,0,71,1,3,56,0,0,0,1,2,0,2,0,0,0,1,0,0,0,0,75,0,0,10,0,0,0,49.019816666666664,Right Defensive Midfield,0,307390,306,7846,6370,17017,202.538265003,274.5074320187101,13,0,0
15956,5477,0,0,42,9,2,44,0,3,2,0,0,0,2,2,0,0,0,2,0,0,0,41,0,0,8,0,5,1,40.908300000000004,Right Midfield,0,232099,229,5836,4487,12707,142.067920007,181.29382284717582,16,0,0
15956,5492,0,0,36,2,0,31,1,0,1,0,2,0,0,1,0,0,2,0,0,0,0,41,0,0,3,0,0,0,41.03726666666667,Left Center Back,0,172349,163,4365,3918,9521,130.982115,187.1575471028136,14,0,0
15956,5503,0,0,69,2,0,55,0,5,4,0,1,0,0,1,0,0,0,3,0,0,0,57,0,0,10,0,1,0,48.8284,Right Center Forward,0,296560,279,7539,6171,16323,209.616937103,340.8551062951486,15,0,0
15956,6379,0,0,79,1,4,73,2,1,3,1,2,0,0,1,0,0,0,2,0,0,0,90,0,0,9,0,0,0,46.34751666666667,Right Back,0,385913,372,9900,8138,21329,262.992347006,516.8203968020229,20,0,0
15956,6616,0,0,1,0,0,1,0,0,0,0,0,0,0,0,0,0,0,0,0,0,0,1,0,0,2,0,0,0,2.71145,Left Center Forward,0,16576,10,466,113,951,6.939730999999999,8.657944328765339,1,1,1
15956,6742,0,0,16,0,4,9,0,0,0,1,3,0,2,1,0,0,0,2,0,0,0,7,0,0,7,0,1,0,26.394116666666665,Right Midfield,0,150434,106,4109,1919,8346,27.467562,35.137519782942384,4,1,1
15956,6760,0,0,46,2,1,19,0,0,0,1,6,0,4,1,0,0,0,4,0,0,0,21,0,0,8,0,2,1,44.707049999999995,Right Center Forward,0,163119,161,4100,3523,8948,82.619890006,186.7382481707868,3,1,1
15956,7699,0,0,4,1,0,3,0,0,0,0,0,0,0,0,0,0,0,1,0,0,0,2,0,0,2,0,0,0,6.065066666666667,Left Midfield,0,42365,26,1177,415,2419,10.346065999999999,7.216462267931393,2,1,1
15956,8206,0,0,11,2,0,9,0,0,0,0,0,0,1,0,0,0,0,2,0,0,0,11,0,0,5,0,0,0,16.66228333333333,Right Midfield,0,124037,82,3431,1445,6929,26.174809,18.27453671601961,8,0,0
15956,8419,0,0,16,0,0,10,0,0,2,0,1,0,0,0,0,0,0,1,0,0,0,7,0,0,3,0,0,0,21.17315,Right Center Forward,0,119883,80,3306,1018,6733,25.587048,31.707766347755857,5,0,0
15956,11291,0,0,35,8,2,30,0,1,2,0,2,0,0,2,0,0,1,3,0,0,0,24,0,0,14,0,0,1,43.5304,Left Midfield,0,207560,191,5427,3742,11463,115.573211,257.3386325418661,7,0,0
15956,11293,0,0,23,6,2,26,5,0,0,0,1,0,0,0,0,0,2,0,0,0,0,41,0,0,6,0,0,0,49.17328333333333,Left Center Back,0,206838,177,5514,2861,11622,119.886064,151.81147080539822,12,0,0
15956,11294,0,0,13,2,0,14,2,0,0,2,1,0,2,0,0,0,0,2,0,0,0,18,0,0,9,0,0,1,39.232099999999996,Center Defensive Midfield,0,81168,95,2049,1867,4499,47.699815003,36.30164914137204,2,1,1
15956,11296,0,0,41,8,1,28,0,0,0,0,1,0,0,1,0,0,0,2,0,0,0,35,0,0,8,0,1,0,46.291216666666664,Left Center Forward,0,262528,214,7004,4211,14672,113.90230601100001,265.88814861652435,16,0,0
15956,11297,0,0,16,3,3,13,4,0,1,1,2,0,1,0,0,0,2,0,0,0,0,22,0,0,5,1,0,0,44.708099999999995,Right Back,0,136173,115,3554,2297,7539,62.590592,30.322154190335535,9,0,0
15956,11298,0,0,48,6,1,41,1,0,1,1,7,0,1,0,0,0,0,2,0,0,0,55,0,0,12,0,0,0,47.53353333333334,Left Back,0,347269,289,9226,5703,19300,158.812609003,258.39529473168045,17,0,0
15956,11300,0,0,43,6,5,43,0,2,2,2,5,0,2,3,0,0,0,1,0,0,0,46,0,0,25,0,2,0,48.5519,Left Defensive Midfield,0,340153,298,8986,6090,18926,171.027973,199.81522672830033,10,0,0
15956,11302,0,0,14,5,0,10,0,0,0,0,0,0,0,0,13,0,0,0,0,0,0,36,0,0,0,0,0,0,43.19693333333333,Goalkeeper,0,125866,114,3272,2234,7026,130.926453,17.73916569812702,9,0,0
15956,11303,0,0,22,7,2,25,0,0,1,0,3,0,3,2,0,0,0,1,0,0,0,28,0,0,11,1,0,0,48.933883333333334,Right Defensive Midfield,0,209798,177,5543,3148,11671,93.053143003,258.1091358814973,8,0,0
15956,11304,0,0,19,5,3,19,3,0,0,1,4,0,1,1,0,0,3,1,0,0,0,26,0,0,3,0,1,0,41.66211666666666,Right Center Back,0,183492,150,4899,2356,10188,72.206692003,127.0198590960311,10,0,0
15956,20055,0,0,8,7,0,13,0,0,0,0,0,0,0,0,10,1,0,0,0,0,0,30,0,0,0,0,0,0,48.35525,Goalkeeper,0,124385,109,3287,2150,6931,117.080634,58.44056009664532,7,0,0
15973,3501,0,0,91,4,1,82,0,0,5,0,1,0,1,2,0,0,1,2,0,0,0,90,0,0,7,0,5,0,44.317433333333334,Left Midfield,0,439882,400,11249,8510,20040,271.588240003,502.2615537027758,34,0,0
15973,5203,1,0,41,3,1,31,0,0,0,1,5,0,0,1,0,0,1,1,0,0,0,55,0,0,11,0,0,1,45.12696666666667,Left Defensive Midfield,0,216100,203,5525,3575,10049,118.708621,80.07883867223443,13,0,0
15973,5211,0,0,60,4,2,51,0,0,0,1,1,0,1,1,0,0,1,1,0,0,0,67,0,0,9,0,1,0,45.073499999999996,Left Back,0,334467,293,8611,5745,15276,174.515409004,172.07506229132517,18,0,0
15973,5213,0,0,53,5,1,49,2,0,1,0,1,0,0,0,0,0,1,0,0,0,0,61,0,0,1,0,3,0,45.34515,Right Center Back,0,328335,281,8530,5164,14866,195.5614461,327.6921268837827,19,0,0
15973,5246,0,0,41,2,1,22,2,0,2,0,1,0,0,3,0,0,1,0,0,0,0,29,0,0,8,0,4,0,47.083099999999995,Left Center Forward,0,225495,181,5822,3300,10157,86.188134003,136.96107787747144,11,0,0
15973,5470,0,0,69,0,0,63,0,0,0,0,5,0,0,1,0,0,0,0,0,0,0,73,0,0,7,0,3,1,44.108050000000006,Right Center Midfield,0,278593,291,7074,6207,12835,211.386039003,257.280775944879,12,0,0
15973,5477,0,0,60,4,0,52,0,4,4,0,3,0,1,4,0,0,0,1,0,0,0,53,0,0,8,0,3,0,44.90853333333334,Right Midfield,0,350925,300,9044,6341,15954,170.100673003,324.3800195412224,18,0,0
15973,5492,0,0,35,3,2,33,4,0,0,0,0,0,0,0,0,0,2,0,0,0,0,39,0,0,5,0,0,1,45.09555,Left Center Back,0,169029,170,4303,3422,7874,133.367935,191.67536477631643,7,0,0
15973,5503,0,0,95,4,2,74,0,1,2,0,1,0,2,3,0,0,0,3,0,0,0,86,0,0,8,0,7,0,44.968066666666665,Right Center Forward,0,494551,427,12685,9060,22419,249.560712106,389.27785504843683,23,0,0
15973,6379,0,0,61,1,2,51,1,1,1,0,2,0,0,0,0,0,0,0,0,0,0,68,0,0,4,0,2,0,44.69475,Right Back,0,347235,293,8952,5713,15881,167.62631,200.18847018642185,17,0,0
15973,6734,0,0,32,3,1,32,5,3,0,1,1,0,1,1,0,0,1,0,0,0,0,34,0,0,4,0,1,0,44.229416666666665,Left Back,0,209775,188,5424,3646,9464,100.09631,149.72533148451586,9,0,0
15973,6788,0,0,14,0,1,12,8,0,0,1,1,0,1,0,0,0,0,0,0,0,0,15,0,0,6,0,0,0,43.760149999999996,Left Center Back,0,76043,79,1956,1392,3437,55.117841,50.158984441874956,4,1,1
15973,6826,0,0,14,2,0,15,2,0,0,0,2,0,1,0,0,0,0,0,0,0,0,17,0,0,3,0,0,0,25.506716666666666,Left Center Back,0,155649,112,4106,1768,7013,52.257558,105.18962380960177,4,1,1
15973,6857,0,0,3,2,2,5,0,0,0,0,2,0,0,0,0,0,1,0,0,0,0,5,0,0,5,0,0,0,22.373316666666664,Right Center Back,0,72058,50,1898,907,3233,22.85512,53.71377890365574,4,1,1
15973,8206,0,0,27,2,0,18,0,0,0,0,1,0,1,0,0,0,0,0,0,0,0,25,0,0,6,0,2,0,19.0593,Right Defensive Midfield,0,252575,164,6629,2661,11111,64.31272201,61.971494352112444,18,0,0
15973,9747,0,0,5,2,0,6,0,0,0,0,0,0,1,0,30,0,0,0,0,0,0,28,0,0,1,0,0,0,45.8971,Goalkeeper,0,126887,109,3286,2010,5692,124.87799000300001,53.50714633447184,8,0,0
15973,11392,0,0,13,1,0,14,0,0,0,0,1,0,0,0,0,0,0,0,0,0,0,14,0,0,3,0,0,0,12.020933333333334,Left Defensive Midfield,0,149339,92,3928,1677,6504,46.341551,76.28125264809759,14,0,0
15973,11669,1,0,41,5,5,36,1,1,1,2,3,0,3,0,0,0,0,1,0,0,0,43,0,0,21,0,1,0,46.59155,Left Defensive Midfield,0,287691,249,7436,4006,12995,117.960669003,103.58984659681894,10,0,0
15973,11671,0,0,23,1,1,14,0,1,0,0,2,0,0,0,0,0,0,2,0,0,0,17,0,0,10,0,2,1,44.71053333333334,Center Forward,0,94985,96,2418,2007,4381,57.661581,88.62798721168083,2,1,1
15973,11672,0,0,15,0,0,11,0,3,1,0,4,0,0,0,0,0,2,0,0,0,0,13,0,0,17,0,1,1,45.00171666666667,Right Center Forward,0,61911,83,1543,1637,2854,57.386023,83.11389202225544,1,1,1
15973,11673,0,0,24,1,1,19,0,0,2,0,1,0,1,1,0,0,2,1,0,0,0,19,0,0,6,0,1,1,44.8787,Right Midfield,0,99471,101,2512,2239,4644,58.2110251,118.22182603195967,6,0,0
15973,11674,0,0,27,3,1,26,1,1,1,0,3,0,5,0,0,0,0,1,0,0,0,37,0,0,12,0,0,0,46.409549999999996,Right Defensive Midfield,0,205269,180,5316,3579,9231,100.092736,56.300998524767735,11,0,0
15973,11675,0,0,42,3,1,36,0,0,1,2,0,0,1,0,0,0,3,0,0,0,0,44,0,0,18,0,0,0,44.78431666666667,Center Attacking Midfield,0,250623,220,6454,4334,11339,118.279426,227.86224963785907,14,0,0
15973,11676,0,0,26,4,5,26,2,2,0,0,4,0,1,2,0,0,1,1,0,0,0,37,0,0,8,0,0,0,44.31661666666666,Right Midfield,0,204353,179,5275,3454,9296,113.043693,173.88621949822107,13,0,0
15973,11677,0,0,18,3,0,19,4,1,0,2,4,0,0,1,0,0,1,1,0,1,0,26,0,0,9,0,0,0,43.37875,Right Back,0,144947,136,3761,2704,6543,70.271965,73.97928646968649,6,0,0
15973,11678,0,0,8,2,0,5,0,0,0,0,0,0,0,1,0,0,1,0,0,0,0,9,0,0,6,0,1,0,18.35875,Center Forward,0,99372,66,2620,1043,4402,34.128657,48.89768073925455,9,0,0
15973,12554,0,0,10,1,0,9,0,1,0,0,2,0,1,0,0,0,1,0,0,0,0,9,0,0,7,0,0,0,31.53151666666667,Left Midfield,0,115920,82,3055,1083,5169,44.657005,122.68404934522495,6,0,0
15973,20055,0,0,13,3,0,14,0,0,0,0,0,0,0,0,8,0,0,0,0,0,0,24,0,0,0,0,0,0,42.939883333333334,Goalkeeper,0,104977,94,2715,1738,4794,60.998559003,33.41523082778296,7,0,0
15978,3042,0,0,7,1,1,8,0,1,0,0,2,0,0,0,0,0,0,0,0,0,0,6,0,0,5,0,1,0,10.266,Left Defensive Midfield,0,118890,64,2779,1021,5206,30.785205,34.12952314918945,6,0,0
15978,3501,0,0,52,5,1,45,0,1,1,0,1,0,0,2,0,0,2,0,0,0,0,48,0,0,6,0,1,0,46.19975,Left Wing,0,465667,330,10618,5325,19753,151.9914981,192.45580610058988,8,0,0
15978,5203,0,0,33,3,0,34,1,0,1,1,1,0,0,3,0,0,1,0,0,0,0,39,0,0,8,0,0,0,36.7035,Center Defensive Midfield,0,388417,250,8880,3861,16524,119.150937003,107.6882517880445,8,0,0
15978,5211,0,0,49,6,3,47,1,0,1,1,2,0,0,1,0,0,2,0,0,0,0,65,0,0,8,0,0,0,47.41161666666667,Left Back,0,314172,268,7043,6000,13219,164.675491009,167.14471493206491,13,0,0
15978,5213,0,0,78,6,0,70,1,0,0,1,6,0,0,0,0,0,0,0,0,0,0,91,0,0,7,0,3,0,44.69185,Right Center Back,0,479700,376,10774,7934,20122,222.981381009,140.83933900845517,29,0,0
15978,5246,0,0,32,3,1,23,0,0,1,0,1,0,1,2,0,0,1,6,0,0,0,18,0,0,14,0,3,0,46.7364,Center Forward,0,231923,165,5266,3042,9834,64.825701003,90.77969634963036,5,0,0
15978,5470,0,0,103,6,2,97,0,1,0,0,1,0,0,1,0,0,1,0,0,0,0,119,0,0,13,0,1,0,47.380199999999995,Right Center Midfield,0,640118,501,14381,10643,27009,308.14488701,237.58399428857066,29,0,0
15978,5477,0,0,47,6,2,44,0,1,6,0,3,0,1,2,0,0,1,3,0,0,0,44,0,0,9,0,2,1,43.58708333333333,Left Wing,0,300350,241,6685,5305,12507,141.491065,277.1412308008461,18,0,0
15978,5492,0,1,81,8,0,76,0,0,2,1,3,0,2,1,0,0,2,0,0,0,0,91,0,0,7,0,0,0,46.905433333333335,Left Center Back,0,464379,385,10437,7361,19585,286.324072003,385.408415580009,20,0,0
15978,5503,0,0,78,3,0,76,0,1,13,0,2,0,2,1,0,0,0,1,0,0,0,68,0,0,10,0,2,0,46.241483333333335,Right Wing,0,568557,422,12830,7858,23953,237.117247003,261.24640733928425,16,0,0
15978,5573,0,0,27,2,1,27,2,0,0,2,0,0,1,0,0,0,1,0,0,0,0,36,0,0,5,0,0,0,46.6125,Left Center Back,0,180700,145,4091,2557,7673,114.317264,115.50170661952868,12,0,0
15978,6374,0,0,46,1,1,47,0,0,1,0,2,0,0,0,0,0,0,0,0,0,0,51,0,0,3,0,0,1,43.60993333333333,Right Back,0,150273,154,3248,4107,6253,185.0206751,326.60635401187335,17,0,0
15978,6379,0,0,59,7,2,56,0,2,0,0,2,0,2,3,0,0,0,1,0,0,0,62,0,0,11,0,0,0,45.9593,Right Back,0,422597,320,9523,5457,17779,176.606464,176.21380668149112,15,0,0
15978,6605,0,0,21,1,0,21,3,0,0,1,1,0,3,1,0,0,2,2,0,0,0,38,0,0,14,0,0,0,46.477983333333334,Right Back,0,212735,154,4850,3352,9114,98.806183003,91.1487478040888,16,0,0
15978,6669,0,0,26,3,3,30,0,1,0,2,5,0,3,1,0,0,3,2,0,0,0,29,0,0,16,0,0,1,44.61,Left Midfield,0,206536,182,4619,3524,8729,114.454073,148.1907226132038,6,0,0
15978,6671,0,0,20,1,2,21,1,1,0,5,5,0,6,0,0,0,3,1,0,0,0,25,0,0,26,0,0,1,44.96918333333333,Left Defensive Midfield,0,240045,189,5406,3224,10119,88.419098,53.33545433218494,3,1,1
15978,6676,0,0,31,6,6,31,1,1,0,0,2,0,1,0,0,0,2,0,0,0,0,42,0,0,14,0,0,0,46.53345,Right Defensive Midfield,0,242560,202,5489,4279,10352,119.582665,113.5453101797448,11,0,0
15978,6679,0,0,23,5,1,27,9,1,0,0,4,0,1,1,0,0,1,0,0,0,0,28,0,0,5,0,1,0,46.8425,Right Center Back,0,184118,155,4136,3948,7818,110.806491,193.65865474508578,4,1,1
15978,6685,0,0,33,1,0,26,2,3,2,1,5,0,2,1,0,0,3,3,0,0,0,22,0,0,10,1,2,0,46.945299999999996,Right Midfield,0,221063,169,5034,2998,9443,89.326277,142.80152780336618,9,0,0
15978,6694,0,0,20,4,1,24,0,0,0,0,0,0,0,0,14,0,0,0,0,0,0,39,0,0,1,0,0,0,45.706,Goalkeeper,0,196720,155,4456,2497,8297,196.729763,90.85378045219589,11,0,0
15978,6695,0,0,35,0,0,20,0,2,1,0,3,0,0,1,0,0,3,0,0,0,0,19,0,0,11,0,3,0,42.0664,Left Center Forward,0,181504,142,4075,2654,7650,73.684184,84.66021164718566,5,0,0
15978,6704,0,0,29,4,2,32,3,0,1,0,2,0,0,2,0,0,1,2,0,0,0,39,0,0,11,0,1,0,44.77583333333334,Left Back,0,255981,198,5793,2960,10835,118.008085,165.0789961920854,11,0,0
15978,6899,0,0,35,4,3,32,0,2,2,1,7,0,2,0,0,0,2,0,0,0,0,35,0,0,20,0,0,1,44.90241666666667,Left Midfield,0,265249,212,5945,4222,11097,128.2024,280.45850835899085,6,0,0
15978,6906,0,0,4,1,0,3,0,1,0,0,2,0,1,1,0,0,0,0,0,0,0,2,0,0,2,0,0,0,17.578733333333332,Right Center Forward,0,60153,34,1392,402,2575,7.840166000000001,17.796250310233958,0,1,1
15978,6998,0,0,42,10,0,38,0,2,0,1,1,0,0,3,0,0,0,1,0,0,0,47,0,0,10,0,0,1,45.604283333333335,Right Center Midfield,0,206122,196,4545,4911,8599,113.048236,158.7039770027394,9,0,0
15978,8206,0,0,7,1,1,7,1,0,0,0,2,0,0,0,0,0,0,0,0,0,0,8,0,0,6,0,0,0,14.388783333333333,Left Center Midfield,0,119446,66,2784,923,5177,24.298825,7.94439543774554,8,0,0
15978,16210,0,0,5,1,1,5,0,1,0,0,0,0,0,0,0,0,0,0,0,0,0,5,0,0,1,0,0,0,9.68225,Left Midfield,0,69765,38,1626,696,3038,13.958083,19.96255938144853,5,0,0
15978,20055,0,0,21,5,0,22,0,0,0,0,0,0,0,0,8,0,0,0,0,0,0,32,0,0,0,0,0,0,47.074666666666666,Goalkeeper,0,211945,150,4862,2409,9088,117.818937003,42.48326580943127,10,0,0
15986,3501,0,0,29,2,0,26,1,1,2,1,0,0,0,3,0,0,1,0,0,0,0,26,0,0,4,0,4,0,33.482733333333336,Left Center Midfield,0,323974,200,7530,2777,16137,99.968319,216.53853696240674,13,0,0
15986,5203,0,0,104,0,2,85,2,1,0,1,4,0,2,1,0,0,0,2,0,0,0,106,0,0,19,0,1,0,48.02863333333333,Center Defensive Midfield,0,677425,502,15101,9660,32719,303.613932131,304.30829313731954,26,0,0
15986,5211,0,0,51,2,1,43,3,0,0,1,4,0,1,0,0,0,1,1,0,0,0,64,0,0,12,0,0,0,46.369816666666665,Left Back,0,398233,275,9024,5278,19510,174.294339001,217.04099621619147,28,0,0
15986,5213,1,1,97,9,2,96,0,0,0,1,0,0,1,1,0,0,2,1,0,0,0,116,0,0,3,0,1,0,46.78586666666667,Right Center Back,0,663942,495,14748,9826,32045,430.712763205,710.6834627424962,30,0,0
15986,5246,0,0,55,0,0,37,0,0,1,0,0,0,1,4,0,0,0,5,0,0,0,36,0,0,8,0,6,0,47.85363333333333,Left Center Forward,0,295966,223,6545,4007,14182,99.907995004,182.5185420499498,7,0,0
15986,5470,1,0,18,1,0,18,0,0,0,1,0,0,1,1,0,0,1,0,0,0,0,24,0,0,7,0,0,0,31.657483333333335,Right Center Midfield,0,241438,146,5651,1963,12121,65.17201299999999,81.19845346817235,11,0,0
15986,5477,0,0,28,1,0,24,0,2,2,0,0,0,0,0,0,0,2,4,0,0,0,23,0,0,7,0,1,1,47.67955,Left Wing,0,101609,96,2112,2843,4671,86.973876,172.04027695027074,6,0,0
15986,5492,0,0,21,3,0,20,0,0,0,0,1,0,0,0,0,0,1,0,0,0,0,29,0,0,1,0,1,0,46.56568333333333,Left Center Back,0,245016,154,5630,1754,12107,77.064789,94.51146067989016,10,0,0
15986,5503,1,0,91,3,2,76,0,2,9,0,1,0,1,2,0,0,0,4,0,0,0,76,0,0,7,0,6,0,47.906733333333335,Right Center Forward,0,556921,419,12359,7749,26789,236.343688004,422.7908356958594,18,0,0
15986,6351,0,0,42,5,0,25,0,1,2,0,7,0,2,2,0,0,2,2,0,0,0,24,0,0,31,0,2,0,48.05043333333333,Left Center Forward,0,279726,212,6216,3994,13418,100.82283,111.80571243180087,4,1,1
15986,6374,0,0,87,7,2,86,0,1,2,0,1,0,1,3,0,0,1,0,0,0,0,95,0,0,16,0,0,0,46.54598333333333,Right Back,0,473630,402,10240,9445,22516,265.934359104,283.3751768112472,19,0,0
15986,6560,0,0,36,2,1,30,1,0,1,0,0,0,2,1,0,0,3,1,0,0,0,44,0,0,29,0,1,0,46.04898333333333,Left Wing Back,0,307115,231,6775,4688,14653,134.83558299999999,100.08317897298681,13,0,0
15986,6565,1,0,38,1,4,28,3,0,1,3,2,0,1,1,0,0,1,1,0,0,0,42,0,0,26,0,0,0,48.05003333333333,Right Center Midfield,0,312878,225,6887,4370,14932,111.851158003,110.18912556133539,9,0,0
15986,6567,1,0,27,0,0,25,3,2,0,0,2,0,1,0,0,0,2,0,0,0,0,24,0,0,14,0,0,0,46.513533333333335,Left Center Midfield,0,287654,202,6450,2584,14038,72.311737006,77.75362054526308,7,0,0
15986,6570,0,0,35,3,1,35,0,0,1,3,3,0,3,1,0,0,0,0,0,0,0,41,0,0,18,0,0,1,47.31368333333333,Right Center Midfield,0,231468,190,4893,4706,10747,127.065581,185.61105583501944,10,0,0
15986,6572,1,0,30,2,0,30,1,0,0,0,4,0,2,0,0,0,2,0,0,0,0,36,0,0,11,0,0,0,45.0975,Left Center Back,0,244168,179,5377,3724,11702,106.51422,105.47524009746425,16,0,0
15986,6573,0,0,20,1,5,19,4,0,0,1,2,0,3,0,0,0,2,0,0,0,0,28,0,0,12,0,1,0,47.30041666666667,Center Back,0,199173,149,4392,3037,9594,97.772491,98.2425768188536,9,0,0
15986,6574,0,0,9,3,0,8,0,1,0,0,1,0,0,2,0,0,0,0,0,0,0,9,0,0,8,0,0,0,18.962249999999997,Center Defensive Midfield,0,139142,82,3263,1241,6987,38.989049,59.627079049821546,8,0,0
15986,6578,0,0,42,3,2,38,4,0,1,0,1,0,0,2,0,0,2,0,0,0,0,44,0,0,6,0,1,0,47.33995,Right Wing Back,0,281635,212,6202,4298,13505,150.520012,265.5204560567165,14,0,0
15986,6579,0,0,17,3,2,16,3,0,0,1,3,0,1,1,0,0,3,0,0,0,0,26,0,0,13,0,0,0,47.35565,Right Center Back,0,170912,134,3775,2716,8206,82.535845,79.41239589415318,3,1,1
15986,6582,0,1,28,1,0,21,0,1,3,1,1,0,0,2,0,1,0,3,0,0,0,13,0,0,19,0,2,1,46.5725,Right Center Forward,0,181410,142,3884,2425,8558,63.530857004000005,144.8734459295114,3,1,1
15986,6785,0,0,7,5,0,8,0,0,0,0,0,0,0,0,23,0,0,0,0,0,0,27,0,0,0,0,0,0,45.32481666666667,Goalkeeper,0,181292,122,4098,2264,8803,79.764398,46.48264069681155,10,0,0
15986,6826,0,0,13,0,1,12,0,0,0,0,1,0,2,0,0,0,1,0,0,0,0,18,0,0,4,0,0,0,29.284116666666666,Left Center Back,0,50839,52,1016,1344,2196,48.703408,49.85677263700002,11,0,0
15986,6888,0,0,19,1,0,16,0,0,1,1,2,0,0,0,0,0,1,1,0,0,0,18,0,0,16,0,0,1,46.098616666666665,Left Center Midfield,0,82822,78,1691,2466,3765,56.56150205,76.77039904160773,8,0,0
15986,8206,0,0,64,0,0,52,1,2,1,0,2,0,1,1,0,0,0,0,0,0,0,64,0,0,15,0,0,1,47.755116666666666,Right Center Midfield,0,254216,240,5271,6642,11721,141.111123001,153.40713053163762,11,0,0
15986,11392,0,0,60,4,1,57,0,1,0,0,0,0,2,0,0,0,1,0,0,0,0,65,0,0,11,0,1,1,47.37591666666666,Left Center Midfield,0,283349,239,5962,6322,13063,224.10067203,347.2794554723686,16,0,0
15986,17276,0,0,1,0,2,0,0,0,0,0,1,0,1,0,0,0,0,0,0,0,0,0,0,0,4,0,0,0,5.2753,Right Center Forward,0,33000,18,781,255,1663,4.301048,0.0,0,1,1
15986,20055,0,0,13,4,0,15,0,0,0,1,0,0,0,0,8,0,0,0,0,0,0,23,0,0,0,1,0,0,40.823049999999995,Goalkeeper,0,124019,89,2769,1877,6014,68.603049,38.394584402997566,10,0,0
15998,3109,0,0,6,0,1,4,0,0,1,0,1,0,0,0,0,0,0,0,0,0,0,4,0,0,1,0,0,0,18.61211666666667,Left Wing,0,62926,36,1392,691,2660,11.501022,9.403124237432849,3,1,1
15998,3501,0,0,88,2,1,80,1,1,2,1,2,0,0,2,0,0,0,1,0,0,0,84,0,0,9,0,2,0,48.38771666666666,Left Center Midfield,0,603394,415,12815,8273,24719,213.064950015,337.9753145373637,24,0,0
15998,3991,0,0,0,0,2,0,1,0,0,0,0,0,1,0,0,0,0,0,0,0,0,2,0,0,3,0,0,0,5.814616666666667,Right Wing,0,34460,18,804,298,1512,4.633523,0.0,2,1,1
15998,5203,0,0,102,3,2,97,1,1,1,6,7,0,0,3,0,0,0,0,0,0,0,113,0,0,23,0,1,0,47.967866666666666,Center Defensive Midfield,0,743467,528,15682,9894,30218,301.095039027,379.88109224266043,34,0,0
15998,5211,0,0,22,0,0,18,0,0,0,0,1,0,0,0,0,0,0,0,0,0,0,26,0,0,0,1,0,0,22.6205,Left Back,0,247955,136,5653,1801,10714,51.548562003,94.63746171243127,20,0,0
15998,5213,0,0,89,7,2,87,6,0,2,0,3,1,2,0,0,0,3,0,0,0,0,108,0,0,6,0,0,0,44.90408333333333,Right Center Back,0,568104,442,11877,8801,22979,327.910754003,456.3569607268857,31,0,0
15998,5246,0,0,17,0,0,13,0,1,1,0,1,0,1,0,0,0,0,3,0,0,0,11,0,0,3,0,0,0,29.030433333333335,Center Forward,0,173099,102,3828,1555,7311,38.574785999999996,107.21630831767212,6,0,0
15998,5470,0,0,93,5,1,89,0,1,1,1,3,0,0,4,0,0,0,1,0,0,0,97,0,0,14,0,2,0,46.09393333333333,Right Center Midfield,0,604784,449,12704,8913,24302,248.101599186,299.0373433913518,22,0,0
15998,5477,0,0,50,2,0,43,0,1,4,0,1,0,1,2,0,0,0,1,0,0,0,37,0,0,15,0,1,1,41.73198333333333,Left Wing,0,285421,233,5838,4780,11229,128.265755003,248.98213677535819,7,0,0
15998,5492,0,0,82,4,0,83,0,0,1,0,3,1,1,1,0,0,1,0,0,0,0,97,0,0,6,1,0,0,47.544533333333334,Left Center Back,0,538668,427,11378,8699,22214,301.172365,390.29388591713405,24,0,0
15998,5503,0,0,92,1,0,90,0,3,10,2,0,0,2,3,0,0,0,4,0,0,0,77,0,0,5,0,2,0,46.68533333333333,Right Wing,0,594924,434,12493,8152,24061,211.167739012,376.93663469294097,18,0,0
15998,6301,0,0,63,0,1,23,0,4,5,2,6,0,4,2,0,0,0,4,0,0,0,18,0,0,36,0,4,0,46.237316666666665,Center Forward,0,333599,244,7028,4826,13443,98.558774,225.30715995473315,6,0,0
15998,6332,0,0,33,1,3,31,1,0,0,2,1,0,3,0,0,0,0,1,0,0,0,41,0,0,8,0,0,1,42.94435,Left Back,0,191376,165,3866,3910,7532,99.870568004,91.66123849746847,7,0,0
15998,6379,0,0,90,3,0,83,1,0,1,5,4,0,0,3,0,0,1,1,0,0,0,99,0,0,11,0,1,0,45.74876666666667,Right Back,0,568962,438,11914,8496,22716,251.650323009,321.175765566898,22,0,0
15998,6598,0,0,14,1,1,14,3,0,0,3,3,0,1,1,0,0,1,1,0,0,0,19,0,0,7,0,0,0,45.090583333333335,Center Back,0,116652,94,2433,1648,4696,63.777802,81.83415088889959,8,0,0
15998,6599,0,0,15,10,2,23,0,0,1,3,3,0,4,0,0,0,0,1,0,0,0,32,0,0,25,1,0,0,45.55425,Left Center Midfield,0,243849,171,5112,3799,9857,102.10248,81.50465800772433,6,0,0
15998,6601,0,0,13,2,1,14,3,1,0,2,3,1,0,2,0,0,0,1,0,0,0,23,0,0,12,0,0,0,43.62793333333333,Left Center Back,0,143828,102,3006,2111,5700,67.9740931,66.42177301501681,8,0,0
15998,6608,0,0,23,2,1,19,0,0,2,1,1,0,1,2,0,0,0,1,0,0,0,14,0,0,28,0,1,1,42.74721666666667,Right Wing,0,180026,136,3757,3015,7321,53.401696,73.69702973210475,8,0,0
15998,6610,0,0,6,4,0,10,0,0,0,0,0,0,0,0,11,0,0,0,0,0,0,27,0,0,0,0,0,0,39.769133333333336,Goalkeeper,0,104076,73,2157,1706,4090,128.788073,71.67513076181046,12,0,0
15998,6616,0,0,30,1,1,24,1,0,3,0,0,0,0,0,0,0,0,0,0,0,0,24,0,0,4,0,0,1,43.94056666666667,Center Forward,0,105598,101,2066,2777,3950,66.489565003,85.18131526341689,4,1,1
15998,6666,0,0,5,0,1,1,1,0,0,0,1,0,0,1,0,0,0,1,0,0,0,1,0,0,0,0,0,0,11.1062,Right Center Midfield,0,45036,24,1041,307,1975,4.764169,11.40175425099138,1,1,1
15998,6667,0,0,19,2,6,20,0,1,4,2,3,0,2,0,0,0,1,0,0,0,0,19,0,0,34,0,0,1,44.3233,Right Center Midfield,0,207888,158,4274,3093,8252,65.773633,66.6193760176933,4,1,1
15998,6738,0,0,21,5,0,25,3,0,3,2,1,0,1,1,0,0,1,1,0,0,0,30,0,0,12,0,2,0,46.14123333333334,Right Wing Back,0,245261,160,5284,3123,10058,84.420864,151.4008007789752,12,0,0
15998,6834,0,0,1,0,0,1,0,0,0,0,0,0,1,0,0,0,0,0,0,0,0,1,0,0,14,0,0,0,18.284633333333332,Left Wing,0,64905,36,1478,412,2798,9.383706,1.4142135623730951,1,1,1
15998,11730,0,0,22,2,0,24,1,3,4,0,0,0,3,0,0,0,1,1,0,0,0,35,0,0,24,0,0,0,45.29885,Left Wing Back,0,220540,167,4590,3274,8719,121.215993,139.30056857535348,8,0,0
15998,16212,0,0,29,4,1,28,0,2,6,2,3,0,1,0,0,0,1,1,0,0,0,26,0,0,42,0,2,1,43.96973333333334,Left Wing,0,244145,201,5002,4000,9623,116.213083,217.0338155952008,4,1,1
15998,17818,0,0,14,1,1,11,5,0,0,1,2,0,0,1,0,0,0,0,0,0,0,20,0,0,5,0,0,0,44.72746666666667,Right Center Back,0,98277,76,2025,1658,3933,59.93588,28.724919915854397,8,0,0
15998,20055,0,0,20,9,0,26,0,0,0,0,0,0,0,1,9,0,0,0,0,0,0,37,0,0,0,0,0,0,46.93168333333333,Goalkeeper,0,203573,144,4332,2809,8277,130.430558,93.36572592767371,13,0,0
16010,3023,0,0,24,5,0,23,3,3,2,1,2,0,0,1,0,0,1,1,0,0,0,20,0,0,9,1,2,0,47.43033333333334,Left Midfield,0,177320,144,4442,3239,8900,85.075656,139.67892974076153,8,0,0
16010,3501,0,0,71,6,2,54,1,7,5,0,4,0,0,3,0,0,0,4,0,0,0,46,0,0,8,0,4,0,44.61541666666667,Left Wing,0,377991,317,9437,6898,19005,149.595737004,304.6156296883795,15,0,0
16010,5203,0,1,29,5,1,28,0,1,0,0,3,0,2,3,0,0,0,1,0,0,0,41,0,0,12,0,0,0,40.1481,Right Defensive Midfield,0,376306,254,9573,3897,19467,114.58018,191.51819535349352,18,0,0
16010,5211,0,0,56,6,1,51,2,1,1,0,3,0,1,0,0,0,4,1,0,0,0,72,0,0,11,0,0,0,45.90213333333334,Left Back,0,378565,312,9485,5791,19014,187.85961600000002,286.47419016416933,21,0,0
16010,5213,0,0,63,8,2,67,6,1,1,2,3,0,1,0,0,0,4,0,0,0,0,81,0,0,4,0,0,0,47.93598333333333,Right Center Back,0,462625,370,11591,6705,23258,286.25409801,590.6479061621117,32,0,0
16010,5246,0,0,69,2,1,43,2,1,5,0,1,0,1,7,0,0,1,5,0,0,0,49,0,0,9,0,4,0,46.315733333333334,Center Forward,0,353133,294,8832,5707,17709,121.796379004,230.34417747098723,16,0,0
16010,5470,0,1,90,6,2,80,1,2,0,0,2,0,1,1,0,0,3,2,0,0,0,96,0,0,9,0,3,0,48.02833333333333,Left Defensive Midfield,0,612170,459,15384,7969,30733,305.762562002,513.5077842236539,33,0,0
16010,5477,0,0,46,3,1,42,0,0,10,0,5,0,0,3,0,0,0,2,0,0,0,36,0,0,15,0,2,1,44.97475,Right Wing,0,263925,236,6560,4751,13130,125.681785,270.81425354298676,10,0,0
16010,5503,0,1,31,2,0,26,0,0,2,0,1,0,0,2,0,0,0,1,0,0,0,23,0,0,2,0,5,0,38.60435,Center Attacking Midfield,0,269209,192,6839,2542,13890,80.602093,179.49380805355102,5,0,0
16010,6374,0,0,48,7,3,49,3,2,3,0,6,0,1,1,0,0,2,1,0,0,0,61,0,0,13,0,1,0,47.25136666666666,Right Back,0,372271,299,9316,6943,18789,195.432459,266.85804519296005,22,0,0
16010,6379,0,0,36,2,0,36,1,0,1,0,2,0,1,3,0,0,1,0,0,0,0,39,0,0,5,0,0,1,45.12525,Center Defensive Midfield,0,149857,151,3636,3522,7102,105.076273001,202.06185427198946,12,0,0
16010,6389,0,0,3,2,0,5,0,0,0,0,1,0,0,0,0,0,1,0,0,0,0,6,0,0,8,0,0,0,25.299249999999997,Left Defensive Midfield,0,79781,52,2040,774,4152,21.722148999999998,45.43408089541251,3,1,1
16010,6390,0,0,29,4,2,24,3,1,4,2,3,0,1,2,0,0,2,2,0,0,0,25,0,0,15,0,0,0,43.68128333333333,Right Midfield,0,200523,175,4993,3349,9958,89.563434,203.72131669680732,7,0,0
16010,6391,0,0,33,5,1,16,3,1,1,3,10,0,5,1,0,1,1,3,0,0,0,23,0,0,28,0,2,0,47.190083333333334,Right Center Forward,0,256967,214,6454,3686,13001,98.079001003,83.14429281975463,5,0,0
16010,6393,0,0,26,2,2,16,1,1,4,2,6,0,1,1,0,0,0,3,0,0,0,14,0,0,17,0,2,1,44.72585,Left Center Forward,0,149289,139,3726,2630,7430,72.016748003,224.73500885515014,5,0,0
16010,6394,0,0,10,1,0,5,0,1,1,0,1,0,1,0,0,0,0,2,0,0,0,6,0,0,3,0,0,0,13.397400000000001,Left Center Forward,0,104446,62,2674,863,5439,16.938817003,15.625162518341433,6,0,0
16010,6396,0,0,23,4,1,20,1,2,0,4,3,0,2,1,0,0,3,0,0,0,0,26,0,0,10,0,0,1,44.08625,Left Defensive Midfield,0,121723,129,2983,3176,5954,76.133446,76.3091061417993,3,1,1
16010,6616,0,0,8,0,0,6,0,0,0,0,0,0,0,0,0,0,0,1,0,0,0,7,0,0,1,0,1,0,10.180033333333334,Right Wing,0,77919,48,1990,877,4046,17.208057,23.176116870362776,7,0,0
16010,6649,0,0,18,7,2,25,2,1,1,2,7,0,2,0,0,0,3,1,0,0,0,39,0,0,27,0,1,0,45.51191666666667,Right Back,0,217989,200,5443,3862,10922,117.534372003,150.5527720411,9,0,0
16010,6665,0,0,7,1,0,7,0,0,0,0,2,0,1,0,0,1,0,0,0,0,0,12,0,0,4,0,0,1,22.726366666666667,Left Center Back,0,13362,36,316,1344,697,32.262989,38.52668663095989,6,0,0
16010,6775,0,0,24,10,2,28,3,3,0,2,5,0,5,2,0,0,2,0,0,0,0,34,0,0,16,0,0,0,45.74836666666667,Right Defensive Midfield,0,208157,194,5190,4182,10413,92.383694003,108.99256979404393,8,0,0
16010,6789,0,0,17,2,0,10,5,0,0,2,4,0,4,0,0,0,0,2,0,0,0,23,0,0,15,0,1,0,47.86096666666666,Left Back,0,121054,116,3017,2533,6027,69.827036,49.82079551379364,5,0,0
16010,6826,0,0,57,2,0,57,4,1,1,1,6,0,0,3,0,0,2,1,0,0,0,70,0,0,9,0,0,0,46.24746666666667,Left Center Back,0,385736,321,9649,5722,19362,211.683783,351.5512232619766,23,0,0
16010,6877,0,0,12,8,3,17,8,0,1,1,1,0,3,1,0,0,3,0,0,0,0,24,0,0,13,0,0,0,44.96705,Right Center Back,0,194581,156,4881,2925,9818,79.26858299999999,72.01623601771567,7,0,0
16010,8206,0,0,33,4,1,32,2,2,0,0,6,0,1,0,0,0,1,0,0,0,0,37,0,0,15,1,0,1,44.52715,Right Center Midfield,0,146489,150,3561,4672,6972,109.863320002,115.34153433704292,12,0,0
16010,11744,0,1,5,1,3,7,5,0,0,0,3,0,1,0,0,0,4,0,0,0,0,13,0,0,10,0,0,0,43.72431666666667,Left Center Back,0,105453,80,2626,1524,5210,39.507322,46.11189644420489,8,0,0
16010,11748,0,0,9,4,0,12,0,0,0,0,0,0,0,0,22,0,0,0,0,0,0,30,0,0,0,0,0,0,44.51278333333333,Goalkeeper,0,124812,111,3121,2221,6294,187.380953,104.88484255970377,9,0,0
16010,20055,0,0,20,3,0,21,0,0,0,1,0,0,0,0,11,0,0,0,0,0,0,34,0,0,0,0,0,0,43.82508333333333,Goalkeeper,0,131011,126,3256,2467,6501,108.0459311,82.44572999016574,9,0,0
16023,3437,0,0,7,0,0,7,1,0,0,0,0,0,0,0,0,0,0,0,0,0,0,8,0,0,1,0,0,0,6.690783333333333,Left Defensive Midfield,0,100593,48,2033,684,4413,18.165184,28.380141891115322,8,0,0
16023,3457,0,0,49,3,2,17,0,0,0,0,3,0,1,2,0,0,0,4,0,0,0,26,0,0,17,0,3,0,45.462149999999994,Right Center Forward,0,265022,194,5480,3743,14050,75.616379,81.30688927165991,3,1,1
16023,3501,0,1,87,3,4,86,0,1,3,1,0,0,0,3,0,0,0,2,0,0,0,84,0,0,8,0,1,1,45.32365,Left Wing,0,607994,423,12579,8591,32402,262.657148003,457.3378663898616,27,0,0
16023,4367,0,0,4,0,0,4,0,0,1,0,0,0,0,0,0,2,0,0,0,0,0,4,1,1,0,0,0,1,10.3289,Left Midfield,0,4369,18,104,399,172,10.279056,53.223566918014896,4,1,1
16023,5186,0,0,40,4,3,32,1,0,1,1,4,0,5,2,0,0,2,0,0,0,0,36,0,0,30,0,2,0,45.69218333333333,Left Midfield,0,389520,256,8013,4520,20665,146.425630003,355.2715067704814,12,0,0
16023,5203,1,0,121,4,2,122,0,0,0,0,3,0,0,2,0,1,2,1,0,0,0,137,0,0,19,0,0,0,46.526666666666664,Center Defensive Midfield,0,961217,639,19808,12184,49784,343.85281102,488.7816040924257,46,0,0
16023,5211,0,0,129,1,1,120,2,0,1,0,2,0,0,1,0,0,1,0,0,0,0,133,0,0,4,0,1,0,46.33518333333333,Left Back,0,894837,597,18485,12181,46965,294.490696012,312.5848340914724,46,0,0
16023,5213,0,0,75,3,3,70,6,0,0,1,0,0,0,0,0,0,1,1,0,0,0,94,0,0,3,0,0,0,46.30238333333333,Right Center Back,0,525075,381,10875,7774,27832,251.341553002,404.5578641289224,26,0,0
16023,5246,0,1,50,2,0,44,1,3,2,0,2,0,1,0,0,0,1,4,0,0,0,37,0,0,9,0,2,0,45.51455,Center Forward,0,367291,236,7592,5034,19616,100.959303,164.2298154484197,15,0,0
16023,5470,0,0,112,9,1,115,0,2,1,1,2,0,0,2,0,0,1,1,0,0,0,124,0,0,5,0,0,0,46.49173333333333,Right Center Midfield,0,878814,568,18145,10090,45445,330.5088371,585.4970338945875,41,0,0
16023,5477,0,0,13,0,0,12,0,0,1,0,0,0,0,0,0,0,0,0,0,0,0,11,0,0,0,0,0,0,7.270733333333334,Left Wing,0,159920,74,3234,960,6939,40.060041,122.62150470504824,11,0,0
16023,5503,0,0,100,2,0,97,0,1,5,0,1,0,1,1,0,0,0,0,0,0,0,91,0,0,11,0,6,0,43.26175,Right Wing,0,742576,482,15290,9260,38714,259.645616,490.48229276687204,31,0,0
16023,5718,0,0,10,1,0,8,0,0,3,0,2,0,0,0,0,0,0,0,0,0,0,6,0,0,4,0,0,0,22.705566666666666,Left Center Forward,0,134128,68,2710,1208,5997,29.095691000000002,69.90521287437915,3,1,1
16023,6332,0,0,67,3,1,67,1,0,0,0,2,0,2,0,0,0,0,0,0,0,0,80,0,0,8,0,0,0,45.946000000000005,Left Center Back,0,512678,348,10592,7353,26650,227.065453,481.7408137865715,30,0,0
16023,6374,0,0,59,1,3,63,0,0,2,0,3,0,1,1,0,0,3,0,0,0,0,67,0,0,10,1,0,0,46.48243333333333,Right Back,0,462470,318,9544,5925,24482,195.297901,308.69137416345694,17,0,0
16023,6401,0,0,26,2,2,15,0,0,2,0,2,0,0,0,0,0,0,0,0,0,0,19,0,0,14,0,1,1,44.95448333333333,Left Center Forward,0,139727,115,2930,2701,8248,69.629034,138.36635669377418,4,1,1
16023,6583,0,0,21,6,3,18,2,0,1,5,0,0,4,1,0,0,4,0,0,0,0,25,0,0,43,0,0,0,46.17833333333333,Right Midfield,0,278770,194,5787,3892,14819,101.242764,169.9464800475003,9,0,0
16023,6589,0,0,25,7,1,26,0,0,0,2,1,0,3,0,0,0,4,0,0,0,0,33,0,0,20,0,1,1,42.32553333333333,Left Defensive Midfield,0,243684,184,5027,4285,13389,99.111442,163.3135051225414,11,0,0
16023,6590,0,0,5,4,0,5,0,0,0,0,0,0,0,0,12,0,0,0,0,0,0,25,0,0,0,0,0,0,39.81773333333333,Goalkeeper,0,123501,78,2547,1433,6529,112.85625999999999,39.27835227501613,8,0,0
16023,6595,0,0,40,6,3,35,0,0,0,0,2,0,2,0,0,0,1,1,0,0,0,53,0,0,44,0,1,0,46.8289,Right Defensive Midfield,0,437371,298,8983,6064,22548,167.290517,158.0434737982049,15,0,0
16023,6596,0,0,33,6,1,30,2,0,3,1,1,0,0,0,0,0,0,0,0,0,0,41,0,0,6,0,1,0,44.41366666666667,Left Back,0,282393,200,5792,3398,14681,117.648239,153.06747561085876,11,0,0
16023,6746,0,0,15,2,2,14,6,1,0,1,3,0,0,1,0,0,3,0,0,0,0,21,0,0,8,0,0,0,45.43486666666667,Left Center Back,0,166089,123,3405,2175,8679,60.441543,83.60821355670392,3,1,1
16023,6891,0,0,19,3,1,14,5,0,0,0,1,0,0,0,0,0,0,0,0,0,0,24,0,0,5,0,1,0,45.3196,Right Center Back,0,142249,103,2946,2376,7813,73.234365,111.04279792798674,6,0,0
16023,6998,0,0,7,0,0,8,0,1,0,0,1,0,1,0,0,0,0,0,0,0,0,7,0,0,1,0,0,0,3.6433000000000004,Left Center Midfield,0,116182,52,2342,720,5025,19.630131,36.20976295085409,7,0,0
16023,11392,0,0,139,4,1,141,0,0,1,0,1,0,0,5,0,0,0,2,0,0,0,146,0,0,9,0,0,1,44.09693333333333,Left Center Midfield,0,1026375,693,21164,13488,53255,353.50417,553.3243591318212,49,0,0
16023,11634,1,0,15,1,6,16,1,0,3,3,1,0,0,0,0,0,5,1,0,0,0,25,0,0,8,0,0,0,46.51968333333333,Right Back,0,192943,131,3984,2633,10086,85.621597,128.68162244037975,9,0,0
16023,20055,0,0,10,4,0,12,0,0,0,0,0,0,0,0,10,0,0,0,0,0,0,24,0,0,0,0,0,0,41.92478333333334,Goalkeeper,0,138320,92,2849,1951,7115,71.78358900399999,55.885879428934004,11,0,0
16029,3501,0,0,57,0,2,43,0,3,3,0,1,0,0,3,0,0,1,3,0,0,0,40,0,0,14,0,5,0,46.7759,Left Wing,0,288337,254,7475,5204,18281,155.467745006,269.508459693985,15,0,0
16029,3610,0,0,10,4,0,8,0,0,0,0,1,0,2,1,0,0,1,0,0,0,0,10,0,0,8,0,1,0,23.499666666666666,Center Midfield,0,138680,92,3582,1430,8847,37.10764,57.556462437418936,3,1,1
16029,5203,0,0,43,2,2,35,0,0,1,1,3,0,3,1,0,1,1,1,0,0,0,47,1,1,29,0,0,0,47.3651,Center Defensive Midfield,0,315307,265,8210,4669,20182,140.075695003,110.07747069277683,17,0,0
16029,5211,0,0,42,4,5,40,2,0,2,3,0,0,2,1,0,0,2,1,0,0,0,61,0,0,18,0,0,0,46.97698333333334,Left Back,0,267738,257,6879,5614,16891,151.507461,174.0426074887471,13,0,0
16029,5213,0,0,36,3,3,36,11,1,1,0,2,0,0,1,0,0,2,0,0,0,0,49,0,0,6,0,0,0,47.64265,Right Center Back,0,234697,213,6094,4212,14809,164.731796,293.2725566589619,12,0,0
16029,5218,0,0,42,2,2,20,2,1,2,0,2,0,1,0,0,0,0,3,0,0,0,24,0,0,19,0,1,1,47.36285,Right Center Forward,0,209613,180,5437,3517,13301,99.896781002,169.89821690307642,7,0,0
16029,5246,0,0,49,2,3,40,1,2,3,0,1,0,1,3,0,0,0,4,0,0,0,34,0,0,14,0,7,1,46.88605,Center Forward,0,277301,243,7175,5407,17683,104.754871013,191.67228332820793,10,0,0
16029,5470,0,0,55,5,1,45,3,1,1,4,4,0,3,2,0,0,0,0,0,0,0,51,0,0,17,0,4,0,47.8279,Right Center Midfield,0,373591,294,9760,6094,23716,137.74742301,193.80554830184764,21,0,0
16029,5477,0,0,42,3,0,35,0,5,3,0,1,0,1,1,0,0,0,1,0,0,0,27,0,0,14,0,2,0,47.577133333333336,Right Wing,0,290179,221,7562,4392,18580,137.73618,422.28262721723684,11,0,0
16029,5503,0,0,13,0,0,11,0,0,0,0,0,0,0,0,0,1,0,1,0,0,0,10,1,1,2,0,2,1,25.53975,Right Wing,0,16491,43,370,1674,930,37.727466,88.33710073387059,2,1,1
16029,5504,0,0,69,5,1,67,0,0,1,2,1,0,2,2,0,0,2,1,0,0,0,83,0,0,12,0,1,0,47.53123333333333,Left Attacking Midfield,0,466728,379,12141,7548,29734,240.995734,366.33017729693177,22,0,0
16029,5534,0,0,16,4,2,17,2,0,0,0,1,0,1,0,0,0,0,0,0,0,0,23,0,0,6,0,1,1,44.03978333333334,Center Back,0,73330,83,1915,1858,4547,75.853935,99.34392214777304,9,0,0
16029,5742,0,0,7,1,0,7,2,0,1,1,2,0,0,0,0,0,0,0,0,0,0,11,0,0,3,0,0,0,37.09758333333333,Right Center Back,0,94340,70,2445,996,6068,26.506244,46.772265271060704,2,1,1
16029,6334,0,0,6,0,1,5,0,1,1,1,1,0,1,0,0,0,0,1,0,0,0,2,0,0,6,0,2,0,14.7452,Right Center Forward,0,91791,56,2403,776,5863,28.06124,78.20395696688485,2,1,1
16029,6374,0,0,54,3,2,56,1,3,4,0,1,0,0,1,0,0,0,0,0,0,0,62,0,0,6,0,1,0,47.06313333333333,Right Back,0,333392,286,8646,5756,21082,200.881976003,456.37980273841663,19,0,0
16029,6379,0,0,25,0,1,18,0,0,0,0,1,0,0,3,0,0,0,0,0,0,0,22,0,0,4,0,0,0,26.847166666666666,Left Center Midfield,0,227720,148,5926,2205,14494,50.913761004,85.92931112319101,15,0,0
16029,6616,0,0,5,0,0,4,0,0,0,0,0,0,0,0,0,0,0,0,0,0,0,5,0,0,2,0,1,0,10.415799999999999,Center Forward,0,56061,34,1477,343,3585,11.921257004,8.513233075965879,5,0,0
16029,6719,0,0,35,5,0,30,0,1,3,2,5,0,2,2,0,0,0,1,0,0,0,31,0,0,19,0,3,1,45.95146666666667,Left Attacking Midfield,0,190260,187,4948,4103,12050,127.635097,238.75184678094783,6,0,0
16029,6720,0,0,52,5,0,34,0,2,1,1,4,0,3,1,0,0,2,3,1,0,1,38,0,0,25,0,4,0,47.344966666666664,Right Attacking Midfield,0,329957,282,8550,5285,21174,130.502891,224.54210418450052,8,0,0
16029,6723,0,0,46,7,2,30,0,1,3,0,2,0,0,1,0,0,1,0,0,0,0,29,0,0,15,0,4,0,45.65408333333333,Left Center Forward,0,277476,227,7203,3691,17815,100.885012003,174.7683603522956,12,0,0
16029,6804,0,0,30,3,2,29,0,0,0,2,7,0,1,0,0,0,0,0,0,0,0,43,0,0,10,0,0,0,47.63045,Left Center Back,0,225039,190,5844,3578,14304,129.534791003,165.25528470168052,10,0,0
16029,6821,0,0,53,7,3,45,0,1,2,1,0,0,0,2,0,0,0,5,0,0,0,52,0,0,8,0,0,0,47.59,Right Wing Back,0,309348,275,7949,5517,19811,163.213077,368.3475484004613,10,0,0
16029,6825,0,0,26,1,2,23,0,0,0,2,4,0,4,0,0,0,0,0,0,0,0,29,0,0,16,0,1,0,46.851483333333334,Center Back,0,196482,172,5088,2928,12585,122.892903005,140.9304279621157,5,0,0
16029,6826,0,0,34,0,3,33,4,1,0,2,6,0,0,0,0,0,1,0,0,1,0,42,0,0,6,0,1,0,47.67823333333333,Left Center Back,0,201148,187,5228,3429,12693,126.689581,183.22730130361086,10,0,0
16029,6919,0,0,37,8,0,36,2,0,1,1,2,0,0,2,0,0,0,0,0,0,0,49,0,0,8,0,1,0,46.49665,Left Wing Back,0,263446,217,6845,4565,16683,126.881219,169.57973315984484,18,0,0
16029,11392,0,0,31,4,2,34,0,2,1,0,1,0,1,1,0,0,2,0,0,0,0,39,0,0,19,0,0,1,45.3917,Left Center Midfield,0,151966,170,3938,4386,9542,123.744581009,159.6221808096973,8,0,0
16029,11541,0,0,15,2,0,14,1,0,0,0,0,0,1,0,24,0,0,0,0,0,0,32,0,0,1,0,0,0,47.17501666666667,Goalkeeper,0,188415,151,4888,2733,12120,131.057535,64.03097510334486,12,0,0
16029,20055,0,0,16,3,0,18,0,0,0,0,0,0,0,0,20,2,0,0,0,0,0,31,0,0,0,0,0,0,46.07468333333334,Goalkeeper,0,166642,135,4367,2258,10659,97.814065,61.83834995873434,11,0,0
16056,3109,0,0,22,1,0,15,0,3,0,0,6,0,1,1,0,0,0,0,0,0,0,16,0,0,14,0,1,1,44.33388333333333,Left Wing,0,82631,99,2086,2067,4606,49.800737,65.30662742573561,4,1,1
16056,3313,0,0,47,7,2,42,0,2,2,0,2,0,1,3,0,0,2,3,0,0,0,42,0,0,7,0,3,1,45.5462,Left Wing,0,269038,250,7025,4883,15575,153.137857031,392.6186460147316,10,0,0
16056,5203,0,1,31,3,0,22,0,0,0,0,5,0,3,1,0,0,3,1,0,0,0,39,0,0,14,0,2,1,43.06453333333333,Center Defensive Midfield,0,185236,184,4723,3061,10742,94.722609,86.46428751659609,11,0,0
16056,5211,0,0,50,4,1,47,2,0,1,4,4,0,0,1,0,0,2,0,0,0,0,67,0,0,20,0,0,0,48.372233333333334,Left Back,0,344424,303,9068,5470,19808,190.916674031,224.03176539532654,26,0,0
16056,5213,0,0,40,3,4,31,1,0,0,0,7,0,0,1,0,0,0,0,0,0,0,56,0,0,11,0,2,0,49.722633333333334,Right Center Back,0,243515,228,6382,4410,13964,155.796202,183.74049286894592,12,0,0
16056,5214,0,0,45,8,1,44,1,4,1,0,1,0,0,0,0,0,0,0,0,0,0,51,0,0,1,0,0,0,48.26253333333333,Left Defensive Midfield,0,277099,234,7272,4898,15868,153.906579,272.6126695772733,12,0,0
16056,5246,0,0,47,1,2,31,1,3,2,0,0,0,0,0,0,0,0,7,0,0,0,35,0,0,11,0,3,0,49.80426666666666,Center Forward,0,241409,216,6351,3517,13804,105.14668001,265.074605232134,11,0,0
16056,5470,0,0,54,4,0,50,0,1,1,3,4,0,2,2,0,0,2,0,0,0,0,63,0,0,12,0,0,0,44.750233333333334,Center Defensive Midfield,0,324125,298,8442,5891,18911,191.4988881,310.9226845710615,21,0,0
16056,5503,0,0,66,6,1,59,0,4,7,0,0,0,2,2,0,0,1,3,0,0,0,55,0,0,15,0,7,0,48.3958,Right Wing,0,398592,345,10499,6619,22940,231.4057251,437.6666826592093,19,0,0
16056,5563,0,0,44,2,0,32,0,1,1,0,4,0,1,0,0,0,2,0,0,0,0,48,0,0,18,0,0,0,48.185833333333335,Right Defensive Midfield,0,279875,237,7403,4757,16224,145.190031,184.75360214531344,14,0,0
16056,5687,0,0,2,1,0,1,0,0,0,0,0,0,0,0,0,0,0,0,0,0,0,1,0,0,2,0,0,0,3.222166666666667,Left Wing,0,23150,14,645,193,1305,5.6276969999999995,7.057619995437554,1,1,1
16056,6379,0,0,46,3,1,40,3,0,0,0,0,0,1,0,0,0,2,2,0,0,0,56,0,0,9,1,1,0,49.61723333333334,Right Back,0,274475,236,7226,4418,15674,141.069285,191.00978364945547,19,0,0
16056,6616,0,0,10,3,0,8,0,0,1,0,0,0,0,1,0,0,0,0,0,0,0,10,0,0,6,0,0,0,32.33845,Left Wing,0,116453,78,3192,1159,6769,30.733684,56.476019954428935,8,0,0
16056,6648,0,0,45,5,4,40,4,0,0,0,3,0,2,1,0,0,1,0,0,0,0,54,0,0,9,0,0,0,49.21626666666667,Right Center Back,0,264218,248,6914,4737,15182,155.23708,129.8792975876203,9,0,0
16056,6651,0,0,33,1,1,18,1,1,0,0,2,0,1,3,0,0,0,4,0,0,0,26,0,0,4,0,2,1,46.33076666666667,Left Center Forward,0,134165,138,3387,3162,7697,70.182478,99.69032396159147,4,1,1
16056,6657,0,0,7,2,0,6,1,0,1,0,1,0,0,1,0,0,0,0,0,0,0,7,0,0,1,0,0,0,18.51928333333333,Center Forward,0,81329,54,2250,893,4739,19.789155,17.955145648689133,6,0,0
16056,6658,0,0,37,5,1,33,1,1,3,0,0,0,1,0,0,0,2,4,0,0,0,40,0,0,12,0,2,0,49.33943333333333,Right Wing Back,0,242784,215,6389,3976,14025,138.05078699999999,260.9802653557033,7,0,0
16056,6673,0,0,21,1,1,15,0,0,0,1,0,0,0,1,0,0,0,0,0,0,0,18,0,0,3,0,2,0,32.56068333333334,Right Wing,0,179307,126,4892,1795,10577,69.879313,104.72600114595545,5,0,0
16056,6777,0,0,26,5,1,25,7,0,0,0,4,0,1,0,0,0,1,0,0,0,0,35,0,0,13,0,0,0,48.78046666666667,Left Center Back,0,182374,162,4838,3214,10397,126.5814571,157.0502729034982,11,0,0
16056,6792,0,0,16,2,0,15,0,0,0,0,0,0,0,0,23,0,0,0,0,0,0,40,0,0,1,0,0,0,48.25503333333334,Goalkeeper,0,139816,142,3610,3128,8110,135.192041,78.48822665977953,7,0,0
16056,6826,0,0,33,2,5,30,0,0,0,0,2,0,3,1,0,0,2,0,0,0,0,42,0,0,17,0,1,0,49.01713333333333,Left Center Back,0,237680,208,6267,3795,13704,142.219124,194.15665188959235,12,0,0
16056,7068,0,0,20,0,3,16,8,0,1,5,7,0,2,1,0,0,5,1,0,0,0,31,0,0,19,0,0,0,44.247899999999994,Center Back,0,177824,164,4651,3744,10067,116.8069661,149.1094057357217,13,0,0
16056,7910,0,0,33,5,3,27,1,2,5,1,4,0,2,3,0,0,0,3,0,0,0,18,0,0,10,0,4,1,44.23715,Center Forward,0,180296,171,4606,3449,10351,81.318267004,284.3553146387544,3,1,1
16056,8206,0,0,27,0,3,16,0,0,0,0,5,0,1,0,0,0,0,2,0,0,0,17,0,0,18,0,2,0,49.547066666666666,Left Defensive Midfield,0,229446,182,6098,2815,13594,50.911569,66.0144788769407,7,0,0
16056,11392,0,0,30,3,1,26,0,0,0,0,1,0,1,1,0,0,0,0,0,0,0,34,0,0,6,0,0,1,44.821283333333334,Left Center Midfield,0,93186,105,2346,3450,4905,96.86325,165.72290397048275,13,0,0
16056,13599,0,0,13,3,0,13,0,0,0,0,0,0,0,0,0,0,0,0,0,0,0,16,0,0,8,0,1,0,24.714716666666668,Right Defensive Midfield,0,159882,108,4417,1165,9347,49.672522,78.44474961063342,10,0,0
16056,17304,0,0,33,3,0,30,4,1,2,0,2,0,1,0,0,0,1,1,0,0,0,37,0,0,7,0,2,0,48.94121666666667,Left Wing Back,0,231988,188,6136,3759,13211,93.63790900000001,152.05296370770682,13,0,0
16056,20055,0,0,19,2,0,18,1,0,0,0,0,1,0,0,16,0,0,0,0,0,0,31,0,0,0,0,0,0,41.95365,Goalkeeper,0,125067,117,3223,2927,7056,127.727769,75.35852665239796,8,0,0
